wl,n
0.210,1.80602
0.211,1.79913
0.212,1.79309
0.213,1.78807
0.214,1.78414
0.215,1.78132
0.216,1.77959
0.217,1.77886
0.218,1.77905
0.219,1.78001
0.220,1.78160
0.221,1.78361
0.222,1.78578
0.223,1.78786
0.224,1.78977
0.225,1.79143
0.226,1.79283
0.227,1.79394
0.228,1.79478
0.229,1.79534
0.230,1.79565
0.231,1.79573
0.232,1.79561
0.233,1.79533
0.234,1.79493
0.235,1.79449
0.236,1.79405
0.237,1.79362
0.238,1.79322
0.239,1.79285
0.240,1.79252
0.241,1.79222
0.242,1.79196
0.243,1.79173
0.244,1.79153
0.245,1.79136
0.246,1.79119
0.247,1.79103
0.248,1.79085
0.249,1.79064
0.250,1.79038
0.251,1.79008
0.252,1.78973
0.253,1.78934
0.254,1.78892
0.255,1.78847
0.256,1.78801
0.257,1.78753
0.258,1.78705
0.259,1.78659
0.260,1.78616
0.261,1.78576
0.262,1.78541
0.263,1.78512
0.264,1.78492
0.265,1.78482
0.266,1.78484
0.267,1.78498
0.268,1.78526
0.269,1.78566
0.270,1.78621
0.271,1.78689
0.272,1.78772
0.273,1.78869
0.274,1.78980
0.275,1.79106
0.276,1.79247
0.277,1.79402
0.278,1.79571
0.279,1.79754
0.280,1.79952
0.281,1.80164
0.282,1.80389
0.283,1.80627
0.284,1.80879
0.285,1.81144
0.286,1.81422
0.287,1.81713
0.288,1.82018
0.289,1.82336
0.290,1.82667
0.291,1.83012
0.292,1.83371
0.293,1.83744
0.294,1.84130
0.295,1.84531
0.296,1.84947
0.297,1.85377
0.298,1.85822
0.299,1.86283
0.300,1.86759
0.301,1.87252
0.302,1.87761
0.303,1.88288
0.304,1.88834
0.305,1.89398
0.306,1.89981
0.307,1.90581
0.308,1.91198
0.309,1.91831
0.310,1.92480
0.311,1.93143
0.312,1.93820
0.313,1.94510
0.314,1.95212
0.315,1.95926
0.316,1.96649
0.317,1.97382
0.318,1.98123
0.319,1.98872
0.320,1.99627
0.321,2.00387
0.322,2.01153
0.323,2.01921
0.324,2.02693
0.325,2.03466
0.326,2.04239
0.327,2.05012
0.328,2.05782
0.329,2.06550
0.330,2.07314
0.331,2.08075
0.332,2.08832
0.333,2.09585
0.334,2.10334
0.335,2.11079
0.336,2.11820
0.337,2.12556
0.338,2.13287
0.339,2.14015
0.340,2.14738
0.341,2.15456
0.342,2.16170
0.343,2.16881
0.344,2.17587
0.345,2.18289
0.346,2.18987
0.347,2.19682
0.348,2.20373
0.349,2.21061
0.350,2.21746
0.351,2.22428
0.352,2.23108
0.353,2.23786
0.354,2.24462
0.355,2.25137
0.356,2.25811
0.357,2.26485
0.358,2.27159
0.359,2.27832
0.360,2.28505
0.361,2.29177
0.362,2.29848
0.363,2.30517
0.364,2.31186
0.365,2.31852
0.366,2.32516
0.367,2.33177
0.368,2.33836
0.369,2.34492
0.370,2.35144
0.371,2.35792
0.372,2.36437
0.373,2.37076
0.374,2.37711
0.375,2.38341
0.376,2.38964
0.377,2.39582
0.378,2.40193
0.379,2.40797
0.380,2.41393
0.381,2.41982
0.382,2.42562
0.383,2.43134
0.384,2.43696
0.385,2.44248
0.386,2.44789
0.387,2.45318
0.388,2.45836
0.389,2.46339
0.390,2.46828
0.391,2.47303
0.392,2.47764
0.393,2.48209
0.394,2.48640
0.395,2.49056
0.396,2.49457
0.397,2.49844
0.398,2.50216
0.399,2.50574
0.400,2.50917
0.401,2.51247
0.402,2.51563
0.403,2.51865
0.404,2.52155
0.405,2.52430
0.406,2.52694
0.407,2.52944
0.408,2.53182
0.409,2.53408
0.410,2.53623
0.411,2.53826
0.412,2.54018
0.413,2.54198
0.414,2.54369
0.415,2.54529
0.416,2.54679
0.417,2.54820
0.418,2.54951
0.419,2.55074
0.420,2.55188
0.421,2.55294
0.422,2.55392
0.423,2.55483
0.424,2.55567
0.425,2.55645
0.426,2.55717
0.427,2.55784
0.428,2.55847
0.429,2.55905
0.430,2.55961
0.431,2.56013
0.432,2.56063
0.433,2.56111
0.434,2.56157
0.435,2.56202
0.436,2.56244
0.437,2.56285
0.438,2.56324
0.439,2.56362
0.440,2.56399
0.441,2.56435
0.442,2.56469
0.443,2.56502
0.444,2.56534
0.445,2.56564
0.446,2.56594
0.447,2.56622
0.448,2.56649
0.449,2.56674
0.450,2.56699
0.451,2.56721
0.452,2.56743
0.453,2.56763
0.454,2.56782
0.455,2.56798
0.456,2.56814
0.457,2.56827
0.458,2.56838
0.459,2.56848
0.460,2.56855
0.461,2.56860
0.462,2.56863
0.463,2.56863
0.464,2.56861
0.465,2.56856
0.466,2.56848
0.467,2.56837
0.468,2.56823
0.469,2.56806
0.470,2.56785
0.471,2.56760
0.472,2.56731
0.473,2.56698
0.474,2.56660
0.475,2.56618
0.476,2.56570
0.477,2.56517
0.478,2.56457
0.479,2.56391
0.480,2.56318
0.481,2.56238
0.482,2.56151
0.483,2.56056
0.484,2.55954
0.485,2.55844
0.486,2.55726
0.487,2.55601
0.488,2.55469
0.489,2.55328
0.490,2.55180
0.491,2.55025
0.492,2.54862
0.493,2.54692
0.494,2.54514
0.495,2.54329
0.496,2.54137
0.497,2.53937
0.498,2.53731
0.499,2.53517
0.500,2.53297
0.501,2.53070
0.502,2.52837
0.503,2.52597
0.504,2.52350
0.505,2.52098
0.506,2.51839
0.507,2.51574
0.508,2.51304
0.509,2.51027
0.510,2.50746
0.511,2.50458
0.512,2.50166
0.513,2.49868
0.514,2.49566
0.515,2.49259
0.516,2.48947
0.517,2.48631
0.518,2.48311
0.519,2.47987
0.520,2.47659
0.521,2.47327
0.522,2.46992
0.523,2.46654
0.524,2.46313
0.525,2.45969
0.526,2.45623
0.527,2.45274
0.528,2.44923
0.529,2.44571
0.530,2.44217
0.531,2.43862
0.532,2.43505
0.533,2.43149
0.534,2.42791
0.535,2.42434
0.536,2.42077
0.537,2.41721
0.538,2.41366
0.539,2.41013
0.540,2.40661
0.541,2.40313
0.542,2.39968
0.543,2.39626
0.544,2.39289
0.545,2.38956
0.546,2.38627
0.547,2.38303
0.548,2.37985
0.549,2.37671
0.550,2.37362
0.551,2.37059
0.552,2.36762
0.553,2.36470
0.554,2.36184
0.555,2.35904
0.556,2.35630
0.557,2.35362
0.558,2.35100
0.559,2.34844
0.560,2.34595
0.561,2.34351
0.562,2.34114
0.563,2.33884
0.564,2.33659
0.565,2.33441
0.566,2.33230
0.567,2.33024
0.568,2.32825
0.569,2.32633
0.570,2.32446
0.571,2.32266
0.572,2.32093
0.573,2.31925
0.574,2.31764
0.575,2.31609
0.576,2.31460
0.577,2.31317
0.578,2.31180
0.579,2.31049
0.580,2.30924
0.581,2.30805
0.582,2.30692
0.583,2.30584
0.584,2.30482
0.585,2.30386
0.586,2.30295
0.587,2.30210
0.588,2.30129
0.589,2.30055
0.590,2.29985
0.591,2.29920
0.592,2.29860
0.593,2.29806
0.594,2.29756
0.595,2.29710
0.596,2.29669
0.597,2.29633
0.598,2.29601
0.599,2.29573
0.600,2.29550
0.601,2.29530
0.602,2.29514
0.603,2.29502
0.604,2.29494
0.605,2.29490
0.606,2.29488
0.607,2.29490
0.608,2.29496
0.609,2.29504
0.610,2.29515
0.611,2.29529
0.612,2.29546
0.613,2.29565
0.614,2.29586
0.615,2.29610
0.616,2.29635
0.617,2.29663
0.618,2.29692
0.619,2.29723
0.620,2.29755
0.621,2.29789
0.622,2.29823
0.623,2.29858
0.624,2.29893
0.625,2.29928
0.626,2.29964
0.627,2.30000
0.628,2.30036
0.629,2.30072
0.630,2.30108
0.631,2.30143
0.632,2.30178
0.633,2.30213
0.634,2.30248
0.635,2.30281
0.636,2.30315
0.637,2.30347
0.638,2.30379
0.639,2.30411
0.640,2.30441
0.641,2.30471
0.642,2.30500
0.643,2.30528
0.644,2.30555
0.645,2.30581
0.646,2.30607
0.647,2.30631
0.648,2.30654
0.649,2.30676
0.650,2.30698
0.651,2.30718
0.652,2.30737
0.653,2.30755
0.654,2.30772
0.655,2.30787
0.656,2.30802
0.657,2.30815
0.658,2.30827
0.659,2.30838
0.660,2.30848
0.661,2.30856
0.662,2.30864
0.663,2.30870
0.664,2.30875
0.665,2.30878
0.666,2.30881
0.667,2.30882
0.668,2.30882
0.669,2.30881
0.670,2.30878
0.671,2.30874
0.672,2.30869
0.673,2.30862
0.674,2.30855
0.675,2.30846
0.676,2.30836
0.677,2.30824
0.678,2.30812
0.679,2.30798
0.680,2.30782
0.681,2.30766
0.682,2.30748
0.683,2.30729
0.684,2.30709
0.685,2.30688
0.686,2.30665
0.687,2.30641
0.688,2.30616
0.689,2.30590
0.690,2.30562
0.691,2.30533
0.692,2.30503
0.693,2.30472
0.694,2.30440
0.695,2.30406
0.696,2.30372
0.697,2.30336
0.698,2.30299
0.699,2.30261
0.700,2.30221
0.701,2.30181
0.702,2.30139
0.703,2.30097
0.704,2.30053
0.705,2.30008
0.706,2.29962
0.707,2.29915
0.708,2.29867
0.709,2.29818
0.710,2.29767
0.711,2.29716
0.712,2.29664
0.713,2.29611
0.714,2.29556
0.715,2.29501
0.716,2.29444
0.717,2.29387
0.718,2.29329
0.719,2.29269
0.720,2.29209
0.721,2.29148
0.722,2.29086
0.723,2.29023
0.724,2.28959
0.725,2.28894
0.726,2.28829
0.727,2.28762
0.728,2.28695
0.729,2.28626
0.730,2.28557
0.731,2.28487
0.732,2.28417
0.733,2.28345
0.734,2.28273
0.735,2.28200
0.736,2.28127
0.737,2.28052
0.738,2.27977
0.739,2.27901
0.740,2.27825
0.741,2.27748
0.742,2.27670
0.743,2.27591
0.744,2.27512
0.745,2.27432
0.746,2.27352
0.747,2.27271
0.748,2.27189
0.749,2.27107
0.750,2.27024
0.751,2.26940
0.752,2.26856
0.753,2.26772
0.754,2.26687
0.755,2.26601
0.756,2.26514
0.757,2.26427
0.758,2.26340
0.759,2.26252
0.760,2.26164
0.761,2.26075
0.762,2.25985
0.763,2.25895
0.764,2.25805
0.765,2.25714
0.766,2.25622
0.767,2.25530
0.768,2.25438
0.769,2.25345
0.770,2.25251
0.771,2.25158
0.772,2.25063
0.773,2.24969
0.774,2.24874
0.775,2.24778
0.776,2.24682
0.777,2.24586
0.778,2.24489
0.779,2.24392
0.780,2.24294
0.781,2.24196
0.782,2.24098
0.783,2.23999
0.784,2.23900
0.785,2.23801
0.786,2.23701
0.787,2.23601
0.788,2.23500
0.789,2.23399
0.790,2.23298
0.791,2.23197
0.792,2.23095
0.793,2.22993
0.794,2.22890
0.795,2.22788
0.796,2.22685
0.797,2.22581
0.798,2.22478
0.799,2.22374
0.800,2.22269
0.801,2.22165
0.802,2.22060
0.803,2.21955
0.804,2.21850
0.805,2.21744
0.806,2.21639
0.807,2.21533
0.808,2.21426
0.809,2.21320
0.810,2.21213
0.811,2.21106
0.812,2.20999
0.813,2.20892
0.814,2.20784
0.815,2.20677
0.816,2.20569
0.817,2.20460
0.818,2.20352
0.819,2.20244
0.820,2.20135
0.821,2.20026
0.822,2.19917
0.823,2.19808
0.824,2.19698
0.825,2.19589
0.826,2.19479
0.827,2.19369
0.828,2.19259
0.829,2.19149
0.830,2.19039
0.831,2.18929
0.832,2.18818
0.833,2.18708
0.834,2.18597
0.835,2.18486
0.836,2.18375
0.837,2.18264
0.838,2.18153
0.839,2.18042
0.840,2.17930
0.841,2.17819
0.842,2.17708
0.843,2.17596
0.844,2.17484
0.845,2.17373
0.846,2.17261
0.847,2.17149
0.848,2.17037
0.849,2.16925
0.850,2.16813
0.851,2.16701
0.852,2.16589
0.853,2.16477
0.854,2.16365
0.855,2.16253
0.856,2.16141
0.857,2.16028
0.858,2.15916
0.859,2.15804
0.860,2.15692
0.861,2.15579
0.862,2.15467
0.863,2.15355
0.864,2.15243
0.865,2.15130
0.866,2.15018
0.867,2.14906
0.868,2.14794
0.869,2.14681
0.870,2.14569
0.871,2.14457
0.872,2.14345
0.873,2.14233
0.874,2.14121
0.875,2.14009
0.876,2.13897
0.877,2.13785
0.878,2.13673
0.879,2.13561
0.880,2.13449
0.881,2.13338
0.882,2.13226
0.883,2.13114
0.884,2.13003
0.885,2.12891
0.886,2.12780
0.887,2.12668
0.888,2.12557
0.889,2.12446
0.890,2.12335
0.891,2.12224
0.892,2.12113
0.893,2.12002
0.894,2.11891
0.895,2.11780
0.896,2.11669
0.897,2.11559
0.898,2.11448
0.899,2.11338
0.900,2.11227
0.901,2.11117
0.902,2.11007
0.903,2.10897
0.904,2.10787
0.905,2.10677
0.906,2.10567
0.907,2.10458
0.908,2.10348
0.909,2.10239
0.910,2.10130
0.911,2.10021
0.912,2.09912
0.913,2.09803
0.914,2.09695
0.915,2.09586
0.916,2.09478
0.917,2.09370
0.918,2.09262
0.919,2.09154
0.920,2.09047
0.921,2.08939
0.922,2.08832
0.923,2.08725
0.924,2.08618
0.925,2.08512
0.926,2.08405
0.927,2.08299
0.928,2.08193
0.929,2.08087
0.930,2.07982
0.931,2.07877
0.932,2.07771
0.933,2.07667
0.934,2.07562
0.935,2.07458
0.936,2.07354
0.937,2.07250
0.938,2.07146
0.939,2.07043
0.940,2.06940
0.941,2.06837
0.942,2.06734
0.943,2.06632
0.944,2.06530
0.945,2.06429
0.946,2.06327
0.947,2.06226
0.948,2.06126
0.949,2.06025
0.950,2.05925
0.951,2.05825
0.952,2.05726
0.953,2.05627
0.954,2.05528
0.955,2.05429
0.956,2.05331
0.957,2.05234
0.958,2.05136
0.959,2.05039
0.960,2.04942
0.961,2.04846
0.962,2.04750
0.963,2.04655
0.964,2.04559
0.965,2.04465
0.966,2.04370
0.967,2.04276
0.968,2.04183
0.969,2.04089
0.970,2.03996
0.971,2.03904
0.972,2.03812
0.973,2.03721
0.974,2.03629
0.975,2.03539
0.976,2.03448
0.977,2.03359
0.978,2.03269
0.979,2.03180
0.980,2.03092
0.981,2.03004
0.982,2.02916
0.983,2.02829
0.984,2.02742
0.985,2.02656
0.986,2.02570
0.987,2.02485
0.988,2.02401
0.989,2.02316
0.990,2.02233
0.991,2.02149
0.992,2.02067
0.993,2.01984
0.994,2.01903
0.995,2.01821
0.996,2.01741
0.997,2.01661
0.998,2.01581
0.999,2.01502
1.000,2.01423
1.006,2.00964
1.012,2.00525
1.018,2.00107
1.024,1.99711
1.030,1.99338
1.036,1.98989
1.042,1.98664
1.048,1.98364
1.054,1.98091
1.060,1.97844
1.066,1.97624
1.072,1.97432
1.078,1.97268
1.084,1.97133
1.090,1.97028
1.096,1.96953
1.102,1.96908
1.108,1.96894
1.114,1.96912
1.120,1.96962
1.126,1.97045
1.132,1.97161
1.138,1.97312
1.144,1.97499
1.150,1.97719
1.156,1.97975
1.162,1.98263
1.168,1.98584
1.174,1.98937
1.180,1.99320
1.186,1.99733
1.192,2.00173
1.198,2.00641
1.204,2.01134
1.210,2.01652
1.216,2.02194
1.222,2.02757
1.228,2.03342
1.234,2.03946
1.240,2.04569
1.246,2.05209
1.252,2.05866
1.258,2.06538
1.264,2.07225
1.270,2.07925
1.276,2.08638
1.282,2.09362
1.288,2.10097
1.294,2.10842
1.300,2.11595
1.306,2.12357
1.312,2.13127
1.318,2.13903
1.324,2.14686
1.330,2.15473
1.336,2.16266
1.342,2.17063
1.348,2.17863
1.354,2.18667
1.360,2.19473
1.366,2.20281
1.372,2.21091
1.378,2.21903
1.384,2.22715
1.390,2.23527
1.396,2.24339
1.402,2.25151
1.408,2.25963
1.414,2.26773
1.420,2.27582
1.426,2.28389
1.432,2.29195
1.438,2.29998
1.444,2.30799
1.450,2.31598
1.456,2.32393
1.462,2.33186
1.468,2.33975
1.474,2.34761
1.480,2.35543
1.486,2.36321
1.492,2.37096
1.498,2.37866
1.504,2.38633
1.510,2.39395
1.516,2.40152
1.522,2.40905
1.528,2.41653
1.534,2.42397
1.540,2.43135
1.546,2.43869
1.552,2.44597
1.558,2.45321
1.564,2.46039
1.570,2.46752
1.576,2.47460
1.582,2.48163
1.588,2.48860
1.594,2.49551
1.600,2.50237
1.606,2.50918
1.612,2.51593
1.618,2.52262
1.624,2.52926
1.630,2.53584
1.636,2.54236
1.642,2.54883
1.648,2.55524
1.654,2.56159
1.660,2.56789
1.666,2.57412
1.672,2.58030
1.678,2.58642
1.684,2.59248
1.690,2.59849
1.696,2.60443
1.702,2.61032
1.708,2.61615
1.714,2.62192
1.720,2.62764
1.726,2.63329
1.732,2.63889
1.738,2.64443
1.744,2.64991
1.750,2.65533
1.756,2.66070
1.762,2.66601
1.768,2.67126
1.774,2.67645
1.780,2.68159
1.786,2.68667
1.792,2.69169
1.798,2.69665
1.804,2.70156
1.810,2.70641
1.816,2.71121
1.822,2.71595
1.828,2.72063
1.834,2.72526
1.840,2.72984
1.846,2.73435
1.852,2.73881
1.858,2.74322
1.864,2.74757
1.870,2.75187
1.876,2.75612
1.882,2.76031
1.888,2.76444
1.894,2.76852
1.900,2.77255
1.906,2.77653
1.912,2.78045
1.918,2.78432
1.924,2.78813
1.930,2.79190
1.936,2.79561
1.942,2.79927
1.948,2.80288
1.954,2.80644
1.960,2.80994
1.966,2.81340
1.972,2.81680
1.978,2.82015
1.984,2.82346
1.990,2.82671
1.996,2.82991
2.002,2.83306
2.008,2.83617
2.014,2.83922
2.020,2.84223
2.026,2.84518
2.032,2.84809
2.038,2.85095
2.044,2.85376
2.050,2.85652
2.056,2.85924
2.062,2.86191
2.068,2.86453
2.074,2.86710
2.080,2.86963
2.086,2.87211
2.092,2.87454
2.098,2.87693
2.104,2.87927
2.110,2.88156
2.116,2.88381
2.122,2.88601
2.128,2.88817
2.134,2.89029
2.140,2.89235
2.146,2.89438
2.152,2.89635
2.158,2.89829
2.164,2.90018
2.170,2.90202
2.176,2.90383
2.182,2.90558
2.188,2.90730
2.194,2.90897
2.200,2.91060
2.206,2.91218
2.212,2.91372
2.218,2.91522
2.224,2.91668
2.230,2.91809
2.236,2.91946
2.242,2.92079
2.248,2.92208
2.254,2.92332
2.260,2.92453
2.266,2.92569
2.272,2.92681
2.278,2.92789
2.284,2.92893
2.290,2.92992
2.296,2.93088
2.302,2.93179
2.308,2.93267
2.314,2.93350
2.320,2.93429
2.326,2.93505
2.332,2.93576
2.338,2.93643
2.344,2.93706
2.350,2.93765
2.356,2.93820
2.362,2.93871
2.368,2.93918
2.374,2.93961
2.380,2.94000
2.386,2.94035
2.392,2.94067
2.398,2.94094
2.404,2.94117
2.410,2.94136
2.416,2.94151
2.422,2.94163
2.428,2.94170
2.434,2.94173
2.440,2.94173
2.446,2.94168
2.452,2.94160
2.458,2.94147
2.464,2.94130
2.470,2.94110
2.476,2.94085
2.482,2.94057
2.488,2.94024
2.494,2.93987
2.500,2.93946

wl,k
0.210,0.88171
0.211,0.87556
0.212,0.87120
0.213,0.86825
0.214,0.86633
0.215,0.86515
0.216,0.86442
0.217,0.86391
0.218,0.86340
0.219,0.86269
0.220,0.86163
0.221,0.86008
0.222,0.85800
0.223,0.85549
0.224,0.85268
0.225,0.84967
0.226,0.84655
0.227,0.84340
0.228,0.84028
0.229,0.83725
0.230,0.83436
0.231,0.83166
0.232,0.82918
0.233,0.82696
0.234,0.82502
0.235,0.82336
0.236,0.82195
0.237,0.82075
0.238,0.81975
0.239,0.81893
0.240,0.81826
0.241,0.81773
0.242,0.81733
0.243,0.81705
0.244,0.81686
0.245,0.81677
0.246,0.81676
0.247,0.81683
0.248,0.81697
0.249,0.81718
0.250,0.81750
0.251,0.81792
0.252,0.81846
0.253,0.81915
0.254,0.81997
0.255,0.82095
0.256,0.82210
0.257,0.82341
0.258,0.82489
0.259,0.82656
0.260,0.82841
0.261,0.83044
0.262,0.83266
0.263,0.83506
0.264,0.83765
0.265,0.84042
0.266,0.84335
0.267,0.84643
0.268,0.84965
0.269,0.85299
0.270,0.85645
0.271,0.86002
0.272,0.86369
0.273,0.86745
0.274,0.87129
0.275,0.87520
0.276,0.87917
0.277,0.88321
0.278,0.88730
0.279,0.89143
0.280,0.89561
0.281,0.89982
0.282,0.90405
0.283,0.90832
0.284,0.91261
0.285,0.91693
0.286,0.92127
0.287,0.92562
0.288,0.93000
0.289,0.93439
0.290,0.93879
0.291,0.94321
0.292,0.94763
0.293,0.95205
0.294,0.95648
0.295,0.96091
0.296,0.96533
0.297,0.96974
0.298,0.97415
0.299,0.97854
0.300,0.98291
0.301,0.98726
0.302,0.99158
0.303,0.99586
0.304,1.00009
0.305,1.00426
0.306,1.00833
0.307,1.01232
0.308,1.01619
0.309,1.01994
0.310,1.02356
0.311,1.02705
0.312,1.03039
0.313,1.03359
0.314,1.03662
0.315,1.03950
0.316,1.04220
0.317,1.04474
0.318,1.04711
0.319,1.04930
0.320,1.05131
0.321,1.05314
0.322,1.05480
0.323,1.05627
0.324,1.05756
0.325,1.05867
0.326,1.05961
0.327,1.06036
0.328,1.06096
0.329,1.06139
0.330,1.06168
0.331,1.06182
0.332,1.06184
0.333,1.06172
0.334,1.06149
0.335,1.06113
0.336,1.06067
0.337,1.06010
0.338,1.05943
0.339,1.05867
0.340,1.05781
0.341,1.05686
0.342,1.05582
0.343,1.05470
0.344,1.05351
0.345,1.05223
0.346,1.05089
0.347,1.04947
0.348,1.04798
0.349,1.04643
0.350,1.04481
0.351,1.04313
0.352,1.04138
0.353,1.03958
0.354,1.03771
0.355,1.03579
0.356,1.03379
0.357,1.03172
0.358,1.02958
0.359,1.02735
0.360,1.02504
0.361,1.02263
0.362,1.02014
0.363,1.01754
0.364,1.01485
0.365,1.01206
0.366,1.00916
0.367,1.00616
0.368,1.00305
0.369,0.99984
0.370,0.99651
0.371,0.99308
0.372,0.98953
0.373,0.98588
0.374,0.98211
0.375,0.97823
0.376,0.97423
0.377,0.97012
0.378,0.96590
0.379,0.96157
0.380,0.95712
0.381,0.95256
0.382,0.94789
0.383,0.94310
0.384,0.93820
0.385,0.93320
0.386,0.92808
0.387,0.92286
0.388,0.91753
0.389,0.91211
0.390,0.90660
0.391,0.90101
0.392,0.89536
0.393,0.88965
0.394,0.88389
0.395,0.87808
0.396,0.87224
0.397,0.86637
0.398,0.86047
0.399,0.85456
0.400,0.84863
0.401,0.84270
0.402,0.83676
0.403,0.83082
0.404,0.82489
0.405,0.81897
0.406,0.81307
0.407,0.80719
0.408,0.80133
0.409,0.79549
0.410,0.78969
0.411,0.78392
0.412,0.77818
0.413,0.77249
0.414,0.76683
0.415,0.76123
0.416,0.75567
0.417,0.75016
0.418,0.74470
0.419,0.73930
0.420,0.73396
0.421,0.72867
0.422,0.72345
0.423,0.71829
0.424,0.71320
0.425,0.70817
0.426,0.70321
0.427,0.69832
0.428,0.69349
0.429,0.68874
0.430,0.68405
0.431,0.67942
0.432,0.67484
0.433,0.67032
0.434,0.66585
0.435,0.66141
0.436,0.65703
0.437,0.65268
0.438,0.64837
0.439,0.64409
0.440,0.63984
0.441,0.63562
0.442,0.63143
0.443,0.62727
0.444,0.62312
0.445,0.61900
0.446,0.61489
0.447,0.61080
0.448,0.60673
0.449,0.60267
0.450,0.59861
0.451,0.59457
0.452,0.59054
0.453,0.58651
0.454,0.58248
0.455,0.57846
0.456,0.57444
0.457,0.57042
0.458,0.56640
0.459,0.56238
0.460,0.55835
0.461,0.55432
0.462,0.55029
0.463,0.54624
0.464,0.54219
0.465,0.53813
0.466,0.53406
0.467,0.52999
0.468,0.52589
0.469,0.52179
0.470,0.51767
0.471,0.51354
0.472,0.50940
0.473,0.50524
0.474,0.50106
0.475,0.49687
0.476,0.49266
0.477,0.48844
0.478,0.48420
0.479,0.47994
0.480,0.47568
0.481,0.47141
0.482,0.46715
0.483,0.46288
0.484,0.45863
0.485,0.45438
0.486,0.45014
0.487,0.44592
0.488,0.44172
0.489,0.43755
0.490,0.43339
0.491,0.42927
0.492,0.42517
0.493,0.42111
0.494,0.41708
0.495,0.41309
0.496,0.40913
0.497,0.40522
0.498,0.40136
0.499,0.39754
0.500,0.39376
0.501,0.39004
0.502,0.38637
0.503,0.38276
0.504,0.37920
0.505,0.37570
0.506,0.37225
0.507,0.36887
0.508,0.36556
0.509,0.36231
0.510,0.35912
0.511,0.35600
0.512,0.35296
0.513,0.34998
0.514,0.34708
0.515,0.34425
0.516,0.34150
0.517,0.33883
0.518,0.33623
0.519,0.33371
0.520,0.33128
0.521,0.32893
0.522,0.32667
0.523,0.32448
0.524,0.32239
0.525,0.32039
0.526,0.31847
0.527,0.31664
0.528,0.31491
0.529,0.31327
0.530,0.31172
0.531,0.31027
0.532,0.30891
0.533,0.30765
0.534,0.30649
0.535,0.30542
0.536,0.30446
0.537,0.30359
0.538,0.30283
0.539,0.30217
0.540,0.30161
0.541,0.30115
0.542,0.30078
0.543,0.30051
0.544,0.30033
0.545,0.30024
0.546,0.30023
0.547,0.30030
0.548,0.30044
0.549,0.30067
0.550,0.30096
0.551,0.30132
0.552,0.30175
0.553,0.30224
0.554,0.30280
0.555,0.30341
0.556,0.30407
0.557,0.30479
0.558,0.30556
0.559,0.30638
0.560,0.30724
0.561,0.30815
0.562,0.30909
0.563,0.31008
0.564,0.31110
0.565,0.31216
0.566,0.31324
0.567,0.31436
0.568,0.31550
0.569,0.31667
0.570,0.31786
0.571,0.31907
0.572,0.32031
0.573,0.32155
0.574,0.32282
0.575,0.32409
0.576,0.32538
0.577,0.32668
0.578,0.32799
0.579,0.32930
0.580,0.33062
0.581,0.33194
0.582,0.33326
0.583,0.33458
0.584,0.33589
0.585,0.33721
0.586,0.33852
0.587,0.33982
0.588,0.34111
0.589,0.34240
0.590,0.34367
0.591,0.34493
0.592,0.34618
0.593,0.34742
0.594,0.34864
0.595,0.34984
0.596,0.35102
0.597,0.35218
0.598,0.35333
0.599,0.35445
0.600,0.35555
0.601,0.35662
0.602,0.35767
0.603,0.35870
0.604,0.35970
0.605,0.36067
0.606,0.36161
0.607,0.36253
0.608,0.36341
0.609,0.36427
0.610,0.36509
0.611,0.36588
0.612,0.36664
0.613,0.36737
0.614,0.36806
0.615,0.36872
0.616,0.36934
0.617,0.36993
0.618,0.37048
0.619,0.37099
0.620,0.37147
0.621,0.37191
0.622,0.37232
0.623,0.37268
0.624,0.37302
0.625,0.37332
0.626,0.37359
0.627,0.37382
0.628,0.37403
0.629,0.37421
0.630,0.37435
0.631,0.37447
0.632,0.37456
0.633,0.37462
0.634,0.37466
0.635,0.37467
0.636,0.37466
0.637,0.37463
0.638,0.37457
0.639,0.37448
0.640,0.37438
0.641,0.37426
0.642,0.37411
0.643,0.37395
0.644,0.37376
0.645,0.37356
0.646,0.37334
0.647,0.37310
0.648,0.37284
0.649,0.37257
0.650,0.37228
0.651,0.37198
0.652,0.37166
0.653,0.37132
0.654,0.37098
0.655,0.37062
0.656,0.37024
0.657,0.36986
0.658,0.36946
0.659,0.36905
0.660,0.36863
0.661,0.36820
0.662,0.36775
0.663,0.36730
0.664,0.36684
0.665,0.36637
0.666,0.36589
0.667,0.36540
0.668,0.36491
0.669,0.36441
0.670,0.36390
0.671,0.36338
0.672,0.36286
0.673,0.36233
0.674,0.36179
0.675,0.36125
0.676,0.36070
0.677,0.36015
0.678,0.35960
0.679,0.35904
0.680,0.35847
0.681,0.35791
0.682,0.35733
0.683,0.35676
0.684,0.35618
0.685,0.35560
0.686,0.35502
0.687,0.35444
0.688,0.35385
0.689,0.35326
0.690,0.35268
0.691,0.35209
0.692,0.35150
0.693,0.35090
0.694,0.35031
0.695,0.34972
0.696,0.34913
0.697,0.34854
0.698,0.34795
0.699,0.34736
0.700,0.34677
0.701,0.34618
0.702,0.34560
0.703,0.34501
0.704,0.34443
0.705,0.34385
0.706,0.34327
0.707,0.34269
0.708,0.34212
0.709,0.34154
0.710,0.34098
0.711,0.34041
0.712,0.33985
0.713,0.33929
0.714,0.33873
0.715,0.33818
0.716,0.33763
0.717,0.33708
0.718,0.33654
0.719,0.33601
0.720,0.33547
0.721,0.33495
0.722,0.33442
0.723,0.33390
0.724,0.33339
0.725,0.33288
0.726,0.33238
0.727,0.33188
0.728,0.33139
0.729,0.33090
0.730,0.33042
0.731,0.32994
0.732,0.32947
0.733,0.32900
0.734,0.32854
0.735,0.32809
0.736,0.32764
0.737,0.32720
0.738,0.32676
0.739,0.32633
0.740,0.32591
0.741,0.32549
0.742,0.32508
0.743,0.32468
0.744,0.32428
0.745,0.32388
0.746,0.32350
0.747,0.32312
0.748,0.32274
0.749,0.32237
0.750,0.32201
0.751,0.32165
0.752,0.32131
0.753,0.32096
0.754,0.32063
0.755,0.32030
0.756,0.31997
0.757,0.31966
0.758,0.31935
0.759,0.31904
0.760,0.31875
0.761,0.31846
0.762,0.31817
0.763,0.31790
0.764,0.31763
0.765,0.31736
0.766,0.31711
0.767,0.31686
0.768,0.31661
0.769,0.31638
0.770,0.31615
0.771,0.31592
0.772,0.31571
0.773,0.31550
0.774,0.31530
0.775,0.31510
0.776,0.31491
0.777,0.31473
0.778,0.31456
0.779,0.31439
0.780,0.31423
0.781,0.31408
0.782,0.31393
0.783,0.31379
0.784,0.31366
0.785,0.31354
0.786,0.31342
0.787,0.31331
0.788,0.31320
0.789,0.31311
0.790,0.31302
0.791,0.31294
0.792,0.31286
0.793,0.31279
0.794,0.31273
0.795,0.31268
0.796,0.31263
0.797,0.31259
0.798,0.31256
0.799,0.31254
0.800,0.31252
0.801,0.31251
0.802,0.31250
0.803,0.31251
0.804,0.31252
0.805,0.31254
0.806,0.31256
0.807,0.31260
0.808,0.31264
0.809,0.31269
0.810,0.31274
0.811,0.31280
0.812,0.31287
0.813,0.31295
0.814,0.31303
0.815,0.31312
0.816,0.31322
0.817,0.31333
0.818,0.31344
0.819,0.31356
0.820,0.31369
0.821,0.31383
0.822,0.31397
0.823,0.31412
0.824,0.31428
0.825,0.31444
0.826,0.31461
0.827,0.31479
0.828,0.31498
0.829,0.31517
0.830,0.31537
0.831,0.31558
0.832,0.31580
0.833,0.31602
0.834,0.31625
0.835,0.31649
0.836,0.31673
0.837,0.31699
0.838,0.31725
0.839,0.31751
0.840,0.31779
0.841,0.31807
0.842,0.31836
0.843,0.31865
0.844,0.31896
0.845,0.31927
0.846,0.31958
0.847,0.31991
0.848,0.32024
0.849,0.32058
0.850,0.32093
0.851,0.32128
0.852,0.32164
0.853,0.32201
0.854,0.32239
0.855,0.32277
0.856,0.32316
0.857,0.32356
0.858,0.32396
0.859,0.32437
0.860,0.32479
0.861,0.32522
0.862,0.32565
0.863,0.32609
0.864,0.32654
0.865,0.32700
0.866,0.32746
0.867,0.32793
0.868,0.32840
0.869,0.32889
0.870,0.32938
0.871,0.32987
0.872,0.33038
0.873,0.33089
0.874,0.33141
0.875,0.33194
0.876,0.33247
0.877,0.33301
0.878,0.33356
0.879,0.33411
0.880,0.33467
0.881,0.33524
0.882,0.33582
0.883,0.33640
0.884,0.33699
0.885,0.33758
0.886,0.33819
0.887,0.33880
0.888,0.33941
0.889,0.34004
0.890,0.34067
0.891,0.34131
0.892,0.34195
0.893,0.34260
0.894,0.34326
0.895,0.34393
0.896,0.34460
0.897,0.34528
0.898,0.34597
0.899,0.34667
0.900,0.34737
0.901,0.34808
0.902,0.34880
0.903,0.34952
0.904,0.35025
0.905,0.35099
0.906,0.35173
0.907,0.35249
0.908,0.35325
0.909,0.35401
0.910,0.35479
0.911,0.35557
0.912,0.35636
0.913,0.35715
0.914,0.35796
0.915,0.35877
0.916,0.35958
0.917,0.36041
0.918,0.36124
0.919,0.36208
0.920,0.36293
0.921,0.36378
0.922,0.36464
0.923,0.36551
0.924,0.36639
0.925,0.36727
0.926,0.36816
0.927,0.36906
0.928,0.36996
0.929,0.37088
0.930,0.37180
0.931,0.37272
0.932,0.37366
0.933,0.37460
0.934,0.37555
0.935,0.37650
0.936,0.37747
0.937,0.37844
0.938,0.37941
0.939,0.38040
0.940,0.38139
0.941,0.38239
0.942,0.38340
0.943,0.38441
0.944,0.38543
0.945,0.38646
0.946,0.38750
0.947,0.38854
0.948,0.38959
0.949,0.39064
0.950,0.39171
0.951,0.39278
0.952,0.39386
0.953,0.39494
0.954,0.39604
0.955,0.39714
0.956,0.39824
0.957,0.39936
0.958,0.40048
0.959,0.40160
0.960,0.40274
0.961,0.40388
0.962,0.40503
0.963,0.40618
0.964,0.40735
0.965,0.40852
0.966,0.40969
0.967,0.41088
0.968,0.41207
0.969,0.41326
0.970,0.41447
0.971,0.41568
0.972,0.41690
0.973,0.41812
0.974,0.41935
0.975,0.42059
0.976,0.42184
0.977,0.42309
0.978,0.42434
0.979,0.42561
0.980,0.42688
0.981,0.42816
0.982,0.42944
0.983,0.43074
0.984,0.43203
0.985,0.43334
0.986,0.43465
0.987,0.43597
0.988,0.43729
0.989,0.43862
0.990,0.43996
0.991,0.44130
0.992,0.44265
0.993,0.44400
0.994,0.44537
0.995,0.44674
0.996,0.44811
0.997,0.44949
0.998,0.45088
0.999,0.45227
1.000,0.45367
1.006,0.46219
1.012,0.47093
1.018,0.47988
1.024,0.48903
1.030,0.49836
1.036,0.50789
1.042,0.51759
1.048,0.52746
1.054,0.53749
1.060,0.54767
1.066,0.55799
1.072,0.56844
1.078,0.57902
1.084,0.58971
1.090,0.60051
1.096,0.61139
1.102,0.62236
1.108,0.63340
1.114,0.64450
1.120,0.65566
1.126,0.66685
1.132,0.67807
1.138,0.68929
1.144,0.70050
1.150,0.71167
1.156,0.72278
1.162,0.73380
1.168,0.74473
1.174,0.75555
1.180,0.76623
1.186,0.77678
1.192,0.78718
1.198,0.79741
1.204,0.80747
1.210,0.81735
1.216,0.82705
1.222,0.83656
1.228,0.84587
1.234,0.85498
1.240,0.86389
1.246,0.87259
1.252,0.88108
1.258,0.88936
1.264,0.89744
1.270,0.90529
1.276,0.91294
1.282,0.92038
1.288,0.92760
1.294,0.93462
1.300,0.94142
1.306,0.94802
1.312,0.95441
1.318,0.96060
1.324,0.96659
1.330,0.97238
1.336,0.97797
1.342,0.98337
1.348,0.98857
1.354,0.99359
1.360,0.99841
1.366,1.00306
1.372,1.00752
1.378,1.01181
1.384,1.01592
1.390,1.01985
1.396,1.02362
1.402,1.02723
1.408,1.03066
1.414,1.03394
1.420,1.03706
1.426,1.04003
1.432,1.04284
1.438,1.04551
1.444,1.04803
1.450,1.05040
1.456,1.05264
1.462,1.05473
1.468,1.05670
1.474,1.05853
1.480,1.06023
1.486,1.06180
1.492,1.06325
1.498,1.06457
1.504,1.06578
1.510,1.06687
1.516,1.06784
1.522,1.06870
1.528,1.06945
1.534,1.07010
1.540,1.07063
1.546,1.07107
1.552,1.07140
1.558,1.07164
1.564,1.07177
1.570,1.07181
1.576,1.07176
1.582,1.07162
1.588,1.07138
1.594,1.07106
1.600,1.07065
1.606,1.07016
1.612,1.06959
1.618,1.06894
1.624,1.06820
1.630,1.06739
1.636,1.06651
1.642,1.06555
1.648,1.06452
1.654,1.06341
1.660,1.06224
1.666,1.06100
1.672,1.05969
1.678,1.05832
1.684,1.05688
1.690,1.05538
1.696,1.05382
1.702,1.05220
1.708,1.05051
1.714,1.04878
1.720,1.04698
1.726,1.04513
1.732,1.04323
1.738,1.04127
1.744,1.03926
1.750,1.03721
1.756,1.03510
1.762,1.03294
1.768,1.03073
1.774,1.02848
1.780,1.02619
1.786,1.02384
1.792,1.02146
1.798,1.01903
1.804,1.01656
1.810,1.01405
1.816,1.01149
1.822,1.00890
1.828,1.00627
1.834,1.00360
1.840,1.00090
1.846,0.99816
1.852,0.99538
1.858,0.99257
1.864,0.98973
1.870,0.98685
1.876,0.98394
1.882,0.98099
1.888,0.97802
1.894,0.97501
1.900,0.97198
1.906,0.96892
1.912,0.96582
1.918,0.96270
1.924,0.95955
1.930,0.95638
1.936,0.95318
1.942,0.94995
1.948,0.94669
1.954,0.94342
1.960,0.94011
1.966,0.93679
1.972,0.93344
1.978,0.93007
1.984,0.92667
1.990,0.92326
1.996,0.91982
2.002,0.91636
2.008,0.91288
2.014,0.90938
2.020,0.90586
2.026,0.90233
2.032,0.89877
2.038,0.89520
2.044,0.89160
2.050,0.88799
2.056,0.88436
2.062,0.88072
2.068,0.87706
2.074,0.87338
2.080,0.86968
2.086,0.86597
2.092,0.86225
2.098,0.85851
2.104,0.85476
2.110,0.85099
2.116,0.84720
2.122,0.84341
2.128,0.83960
2.134,0.83578
2.140,0.83194
2.146,0.82809
2.152,0.82423
2.158,0.82036
2.164,0.81647
2.170,0.81258
2.176,0.80867
2.182,0.80475
2.188,0.80082
2.194,0.79688
2.200,0.79293
2.206,0.78897
2.212,0.78500
2.218,0.78102
2.224,0.77703
2.230,0.77303
2.236,0.76902
2.242,0.76500
2.248,0.76098
2.254,0.75694
2.260,0.75290
2.266,0.74885
2.272,0.74479
2.278,0.74072
2.284,0.73664
2.290,0.73256
2.296,0.72847
2.302,0.72437
2.308,0.72027
2.314,0.71615
2.320,0.71203
2.326,0.70791
2.332,0.70378
2.338,0.69964
2.344,0.69549
2.350,0.69134
2.356,0.68718
2.362,0.68302
2.368,0.67885
2.374,0.67467
2.380,0.67049
2.386,0.66631
2.392,0.66212
2.398,0.65792
2.404,0.65372
2.410,0.64951
2.416,0.64530
2.422,0.64108
2.428,0.63686
2.434,0.63263
2.440,0.62840
2.446,0.62416
2.452,0.61992
2.458,0.61568
2.464,0.61143
2.470,0.60718
2.476,0.60292
2.482,0.59866
2.488,0.59440
2.494,0.59013
2.500,0.58586
